1975;Before 1990
1976;Before 1990
1977;Before 1990
1978;Before 1990
1979;Before 1990
1980;Before 1990
1981;Before 1990
1982;Before 1990
1983;Before 1990
1984;Before 1990
1985;Before 1990
1986;Before 1990
1987;Before 1990
1988;Before 1990
1989;Before 1990
1990;1990
1991;1991
1992;1992
1993;1993
1994;1994
1995;1995
1996;1996
1997;1997
1998;1998
1999;1999
2000;2000
2001;2001
2002;2002
2003;2003
2004;2004
2005;2005
2006;2006
2007;2007
2008;2008
2009;2009
2010;2010
2011;2011
2012;2012
2013;2013
2014;2014
2014 - ;2014
2015;2015
2016;2016
2016 -;2016
2017;2017
2018;2018
2019;2019
2020;2020
2030;After 2020
2040;After 2020
2050;After 2020